--
-- Volcado de datos para la tabla `audit_paciente` PATIENT DATA FARMA
--

INSERT INTO "Patient_data" (first_name, last_name, sex, identity, date_of_birth, cell_phone, home_phone, email, address, reminder) VALUES
('MIGUELP', 'AMBROSIOP', 'M', 16543123, '1993-09-20', '04124343434', '02123434343', 'miguelmiguel19@gmail.com', 'Caricuao, Caracas, Caracas Metropolitan District, Venezuela', 1),
('PRUEBA', 'HIJO', 'M', 1, '1994-07-07', '04124234343', '02124343242', 'narbelys@gmail.com', 'Colinas de Bello Monte, Baruta, Caracas Metropolitan District, Venezuela', 1),
('EDWARLYN', 'BENCOMO', 'F', 18002448, '1987-12-22', '04123130370', '02122567892', 'edwarlynbencomo@gmail.com', 'Caracas', 1),
('JOSE GREGORIO', 'GONCALVES', 'M', 4661067, '1956-11-08', '4143274058', '', 'Jggoncalves@cantv.net', 'Prados Del Este, Miranda, Venezuela', 1),
('PRUEBA2', 'PRUÉBA', 'M', 435436453, '1993-10-23', '04123453453', '02125345345', 'narbelys@gmail.com', 'Colinas de Bello Monte, Miranda, Venezuela', 1),
('CARLO', 'BALDA', 'M', 17922757, '1988-02-10', '04145550000', '02125550000', 'papabalda@gmail.com', 'Charallave, Miranda, Venezuela', 1),
('ANDRES', 'AÑEZ', 'M', 14143763, '1983-02-25', '04141809851', '02129590305', 'ANDRESAB@GMAIL.COM', 'CCCT, Caracas, Miranda, Venezuela', 1),
('PEDRO', 'PEREZ', 'M', 1234567, '1994-03-16', '04127367198', '02122222222', 'narbelys@gmail.com', 'Cúa, Miranda, Venezuela', 1),
('MANUEL', 'HERNANDEZ', 'M', 5606648, '1959-12-10', '04242821690', '02392464703', 'manherd@hotmail.com', 'Charallave, Miranda, Venezuela', 1),
('MARIA', 'MONAGAS', 'F', 6415021, '1994-04-03', '04142400750', '02392464553', 'manherd@hotmail.com', 'Charallave, Miranda, Venezuela', 1),
('JOSE ', 'VALLEJO', 'M', 6323145, '1961-03-15', '04241555173', '02123729287', 'miremedio@gmail.com', 'Los Teques', 1),
('LEIDA', 'MARIÑO', 'F', 4321323, '1959-02-23', '04242834396', '02123727875', 'marinleida@yahoo.com', 'Carrizal, Venezuela', 1),
('JOSE', 'VARELA', 'M', 5968027, '1961-02-09', '04241555173', '02126612592', 'josecvarela@gmail.com', 'Avenida Teresa de la Parra, Caracas, Distrito Metropolitano de Caracas, Venezuela', 1),
('MIRTA', 'PUENTE', 'F', 6855894, '1965-08-18', '04169132752', '02126612592', 'josecvarela@hotmail.com', 'Av teresa de la parra, Caracas, Distrito Metropolitano de Caracas, Venezuela', 1),
('PRUEBA', 'PRUEBA', 'F', 11111111, '1994-05-20', '04127367198', '02123423423', 'narbelys@gmail.com', '', 1),
('PRUEBA2', 'PRUEBA2', 'M', 222222222, '1994-05-20', '04127367198', '02123432432', 'narbelys@gmail.com', 'Colinas de Bello Monte, Baruta, Caracas Metropolitan District, Venezuela', 1),
('PRUEBA2', 'PRUEBA2', 'M', 222322222, '1994-05-20', '04127367198', '02123432432', 'narbelys@gmail.com', 'Colinas de Bello Monte, Baruta, Caracas Metropolitan District, Venezuela', 1),
('PRUEBA2', 'PRUEBA2', 'M', 222422222, '1994-05-20', '04127367198', '02123432432', 'narbelys@gmail.com', 'Colinas de Bello Monte, Baruta, Caracas Metropolitan District, Venezuela', 1),
('DFSFSDFDS', 'DSADSAD', 'M', 312312312, '1994-05-22', '04127367198', '02124343432', 'narbeys@gmail.com', '', 1),
('JHDASDQ', 'FSDFSD', 'M', 20870682, '1994-05-23', '04127367196', '02127536715', 'narbelys@gmail.com', '', 1);

UPDATE "Patient_data" SET cell_phone='4140337522', home_phone='2129917163', email='alfredo.vaamonde@prxcontrolsolutions.com', 
address='Chuao, Miranda, Venezuela', reminder=1 WHERE identity=15976085;

INSERT INTO "Id_patient" (identity, type_id_name, patient_data_identity, pharmacy_identity) VALUES
(34356, 'Cedula de Identidad', 16543123, 1), 
(34357, 'Cedula de Identidad', 1, 1),
(34358, 'Cedula de Identidad', 18002448, 1),
(34359, 'Cedula de Identidad', 4661067, 1),
(34360, 'Cedula de Identidad', 435436453, 1),
(34361, 'Cedula de Identidad', 17922757, 1),
(34362, 'Cedula de Identidad', 15976085, 1),
(34363, 'Cedula de Identidad', 14143763, 1),
(34364, 'Cedula de Identidad', 1234567, 1),
(34365, 'Cedula de Identidad', 5606648, 1),
(34366, 'Cedula de Identidad', 6415021, 1),
(34367, 'Cedula de Identidad', 6323145, 1),
(34368, 'Cedula de Identidad', 4321323, 1),
(34369, 'Cedula de Identidad', 5968027, 1),
(34370, 'Cedula de Identidad', 6855894, 1),
(34371, 'Cedula de Identidad', 11111111, 1),
(34372, 'Cedula de Identidad', 222222222, 1),
(34373, 'Cedula de Identidad', 222322222, 1),
(34374, 'Cedula de Identidad', 222422222, 1),
(34375, 'Cedula de Identidad', 312312312, 1),
(34376, 'Cedula de Identidad', 20870682, 2);

INSERT INTO "Affiliation" (identity, plan_identity, id_patient_identity) VALUES
(73, 608489, 34356),
(74, 617107, 34357),
(75, 561540, 34358),
(76, 617107, 34359),
(77, 617107, 34360),
(78, 617106, 34361),
(79, 617106, 34362),
(80, 617105, 34363),
(81, 617105, 34364),
(82, 608490, 34365),
(83, 608490, 34366),
(84, 617104, 34367),
(85, 617104, 34368),
(86, 608492, 34369),
(87, 608492, 34370),
(88, 604755, 34371),
(89, 612376, 34372),
(90, 615829, 34373),
(91, 612175, 34374),
(92, 612174, 34375),
(93, 563752, 34376);

INSERT INTO "Case" (affiliation_identity, identity, due_date) VALUES
(73, 73, '2014-07-01'),
(74, 74, '2014-09-01'),
(75, 75, '2014-09-01'),
(76, 76, '2014-09-01'),
(77, 77, '2014-09-01'),
(78, 78, '2014-09-01'),
(79, 79, '2014-09-01'),
(80, 80, '2014-09-01'),
(81, 81, '2014-09-01'),
(82, 82, '2014-09-01'),
(83, 83, '2014-09-01'),
(84, 84, '2014-09-01'),
(85, 85, '2014-09-01'),
(86, 86, '2015-01-01'),
(87, 87, '2015-01-01'),
(88, 88, '2015-01-01'),
(89, 89, '2015-01-01'),
(90, 90, '2015-01-01'),
(91, 91, '2015-01-01'),
(92, 92, '2015-01-01'),
(93, 93, '2015-01-01');