--
-- Volcado de datos para la tabla `poliza_aon` POLICY / PLAN / AFFILIATION / CASE
--

INSERT INTO "Policy" (identity, collective_identity) VALUES
('003-CAR-2008', 2),
('012-AFV-2008', 2),
('013-AZE-2008', 2),
('018-HEN-2008', 2),
('019-FIB-2008', 2),
('023-SOL-2008', 2),
('024-HAL-2008', 2),
('025-BDF-2008', 2),
('026-COB-2009', 2),
('038-CHR-2010', 2),
('041-COS-2010', 2),
('047-COM-2010', 2),
('052-BMS-2011', 2),
('053-MED-2011', 2),
('060-LOG-2012', 2),
('062-DAM-2012', 2);


INSERT INTO "Plan" (policy_identity, identity, description) VALUES
('003-CAR-2008', 612299, ''),
('012-AFV-2008', 559841, ''),
('012-AFV-2008', 559842, ''),
('013-AZE-2008', 559848, ''),
('013-AZE-2008', 559847, ''),
('018-HEN-2008', 567625, ''),
('018-HEN-2008', 567626, ''),
('019-FIB-2008', 567918, ''),
('019-FIB-2008', 616015, ''),
('023-SOL-2008', 559854, ''),
('023-SOL-2008', 559853, ''),
('024-HAL-2008', 608488, ''),
('024-HAL-2008', 608489, ''),
('024-HAL-2008', 617107, ''),
('024-HAL-2008', 617106, ''),
('024-HAL-2008', 617105, ''),
('024-HAL-2008', 608490, ''),
('024-HAL-2008', 617104, ''),
('024-HAL-2008', 608492, ''),
('025-BDF-2008', 604755, ''),
('026-COB-2009', 612376, ''),
('026-COB-2009', 615829, ''),
('038-CHR-2010', 612175, ''),
('038-CHR-2010', 612174, ''),
('041-COS-2010', 563752, ''),
('047-COM-2010', 563754, ''),
('052-BMS-2011', 563810, ''),
('053-MED-2011', 561540, ''),
('060-LOG-2012', 558185, ''),
('062-DAM-2012', 558707, '');



INSERT INTO "Affiliation" (identity, plan_identity, id_patient_identity) VALUES
(1, 612299, 1),
(2, 612299, 5),
(3, 612299, 10),
(4, 612299, 15),
(5, 559841, 2),
(6, 559841, 6),
(7, 559841, 11),
(8, 559841, 16),
(9, 559842, 3),
(10, 559842, 7),
(11, 559842, 12),
(12, 559842, 17),
(13, 559848, 4),
(14, 559848, 8),
(15, 559848, 13),
(16, 559848, 18),
(17, 559847, 9),
(18, 559847, 14),
(19, 559847, 19),
(20, 559847, 20),
(21, 567625, 21),
(22, 567625, 22),
(23, 567625, 23),
(24, 567625, 24),
(25, 567626, 25),
(26, 558185, 26),
(27, 567626, 27),
(28, 567626, 28),
(29, 567918, 29),
(30, 567918, 30),
(31, 567918, 31),
(32, 567918, 32),
(33, 616015, 33),
(34, 616015, 34),
(35, 558707, 35),
(36, 616015, 36),
(37, 559854, 37),
(38, 559854, 38),
(39, 563810, 39),
(40, 559854, 40),
(41, 559853, 41),
(42, 559853, 42),
(43, 559853, 43),
(44, 559853, 44),
(45, 608488, 45),
(46, 563754, 46),
(47, 608488, 47),
(48, 608488, 48),
(49, 608489, 49),
(50, 608489, 50),
(51, 608489, 51),
(52, 608489, 52),
(53, 617107, 53),
(54, 561540, 54),
(55, 617107, 55),
(56, 617107, 56),
(57, 617106, 57),
(58, 617106, 58),
(59, 617105, 59),
(60, 617105, 60),
(61, 608490, 61),
(62, 608490, 62),
(63, 617104, 63),
(64, 617104, 64),
(65, 608492, 65),
(66, 608492, 66),
(67, 604755, 67),
(68, 612376, 68),
(69, 615829, 69),
(70, 612175, 70),
(71, 612174, 71),
(72, 563752, 72);


INSERT INTO "Case" (affiliation_identity, identity, due_date) VALUES
(1, 1, '2013-12-01'),
(2, 2, '2013-12-01'),
(3, 3, '2013-12-01'),
(4, 4, '2014-01-01'),
(5, 5, '2014-01-01'),
(6, 6, '2014-01-01'),
(7, 7, '2014-01-01'),
(8, 8, '2014-01-01'),
(9, 9, '2014-01-01'),
(10, 10, '2013-12-01'),
(11, 11, '2014-01-01'),
(12, 12, '2014-01-01'),
(13, 13, '2014-02-01'),
(14, 14, '2014-02-01'),
(15, 15, '2014-02-01'),
(16, 16, '2014-02-01'),
(17, 17, '2014-05-01'),
(18, 18, '2014-05-01'),
(19, 19, '2014-05-01'),
(20, 20, '2014-05-01'),
(21, 21, '2014-05-01'),
(22, 22, '2014-05-01'),
(23, 23, '2014-05-01'),
(24, 24, '2014-05-01'),
(25, 25, '2014-05-01'),
(26, 26, '2014-05-01'),
(27, 27, '2014-05-01'),
(28, 28, '2014-05-01'),
(29, 29, '2014-06-01'),
(30, 30, '2014-06-01'),
(31, 31, '2014-06-01'),
(32, 32, '2014-06-01'),
(33, 33, '2014-06-01'),
(34, 34, '2014-06-01'),
(35, 35, '2014-06-01'),
(36, 36, '2014-06-01'),
(37, 37, '2014-06-01'),
(38, 38, '2014-06-01'),
(39, 39, '2014-06-01'),
(40, 40, '2014-06-01'),
(41, 41, '2014-07-01'),
(42, 42, '2014-07-01'),
(43, 43, '2014-07-01'),
(44, 44, '2014-07-01'),
(45, 45, '2014-07-01'),
(46, 46, '2014-07-01'),
(47, 47, '2014-07-01'),
(48, 48, '2014-07-01'),
(49, 49, '2014-07-01'),
(50, 50, '2014-07-01'),
(51, 51, '2014-07-01'),
(52, 52, '2014-07-01'),
(53, 53, '2014-09-01'),
(54, 54, '2014-09-01'),
(55, 55, '2014-09-01'),
(56, 56, '2014-09-01'),
(57, 57, '2014-09-01'),
(58, 58, '2014-09-01'),
(59, 59, '2014-09-01'),
(60, 60, '2014-09-01'),
(61, 61, '2014-09-01'),
(62, 62, '2014-09-01'),
(63, 63, '2014-09-01'),
(64, 64, '2014-09-01'),
(65, 65, '2015-01-01'),
(66, 66, '2015-01-01'),
(67, 67, '2015-01-01'),
(68, 68, '2015-01-01'),
(69, 69, '2015-01-01'),
(70, 70, '2015-01-01'),
(71, 71, '2015-01-01'),
(72, 72, '2015-01-01');